fips5,year,population
06001,2020,1682353.0
06003,2020,1204.0
06005,2020,40474.0
06007,2020,211632.0
06009,2020,45292.0
06011,2020,21839.0
06013,2020,1165927.0
06015,2020,27743.0
06017,2020,191185.0
06019,2020,1008654.0
06021,2020,28917.0
06023,2020,136463.0
06025,2020,179702.0
06027,2020,19016.0
06029,2020,909235.0
06031,2020,152486.0
06033,2020,68163.0
06035,2020,32730.0
06037,2020,10014009.0
06039,2020,156255.0
06041,2020,262321.0
06043,2020,17131.0
06045,2020,91601.0
06047,2020,281202.0
06049,2020,8700.0
06051,2020,13195.0
06053,2020,439035.0
06055,2020,138019.0
06057,2020,102241.0
06059,2020,3186989.0
06061,2020,404739.0
06063,2020,19790.0
06065,2020,2418185.0
06067,2020,1585055.0
06069,2020,64209.0
06071,2020,2181654.0
06073,2020,3298634.0
06075,2020,873965.0
06077,2020,779233.0
06079,2020,282424.0
06081,2020,764442.0
06083,2020,448229.0
06085,2020,1936259.0
06087,2020,270861.0
06089,2020,182155.0
06091,2020,3236.0
06093,2020,44076.0
06095,2020,453491.0
06097,2020,488863.0
06099,2020,552878.0
06101,2020,99633.0
06103,2020,65829.0
06105,2020,16112.0
06107,2020,473117.0
06109,2020,55620.0
06111,2020,843843.0
06113,2020,216403.0
06115,2020,81575.0
06001,2021,1669095.0
06003,2021,1195.0
06005,2021,40112.0
06007,2021,207814.0
06009,2021,45250.0
06011,2021,21841.0
06013,2021,1164050.0
06015,2021,27460.0
06017,2021,191211.0
06019,2021,1008686.0
06021,2021,28816.0
06023,2021,135477.0
06025,2021,180496.0
06027,2021,18982.0
06029,2021,906122.0
06031,2021,151167.0
06033,2021,67821.0
06035,2021,31014.0
06037,2021,9966353.0
06039,2021,156187.0
06041,2021,260112.0
06043,2021,17066.0
06045,2021,90920.0
06047,2021,281604.0
06049,2021,8606.0
06051,2021,13191.0
06053,2021,437429.0
06055,2021,137294.0
06057,2021,102185.0
06059,2021,3174592.0
06061,2021,407282.0
06063,2021,19662.0
06065,2021,2423069.0
06067,2021,1581162.0
06069,2021,64712.0
06071,2021,2179941.0
06073,2021,3289937.0
06075,2021,857605.0
06077,2021,781220.0
06079,2021,279100.0
06081,2021,757341.0
06083,2021,441980.0
06085,2021,1913594.0
06087,2021,266168.0
06089,2021,181768.0
06091,2021,3225.0
06093,2021,43912.0
06095,2021,450518.0
06097,2021,485182.0
06099,2021,551722.0
06101,2021,99144.0
06103,2021,65492.0
06105,2021,16050.0
06107,2021,474381.0
06109,2021,54810.0
06111,2021,840730.0
06113,2021,215702.0
06115,2021,81973.0
06001,2022,1648467.0
06003,2022,1191.0
06005,2022,40148.0
06007,2022,206762.0
06009,2022,45012.0
06011,2022,21923.0
06013,2022,1154254.0
06015,2022,26926.0
06017,2022,190549.0
06019,2022,1012350.0
06021,2022,28821.0
06023,2022,134861.0
06025,2022,180753.0
06027,2022,18921.0
06029,2022,910744.0
06031,2022,151921.0
06033,2022,67676.0
06035,2022,29889.0
06037,2022,9870212.0
06039,2022,157685.0
06041,2022,256512.0
06043,2022,16984.0
06045,2022,90305.0
06047,2022,285109.0
06049,2022,8573.0
06051,2022,13102.0
06053,2022,436584.0
06055,2022,135833.0
06057,2022,101352.0
06059,2022,3159797.0
06061,2022,409924.0
06063,2022,19332.0
06065,2022,2435510.0
06067,2022,1577672.0
06069,2022,65751.0
06071,2022,2183077.0
06073,2022,3283556.0
06075,2022,840348.0
06077,2022,784289.0
06079,2022,280111.0
06081,2022,744660.0
06083,2022,442182.0
06085,2022,1894827.0
06087,2022,264581.0
06089,2022,180547.0
06091,2022,3212.0
06093,2022,43621.0
06095,2022,447671.0
06097,2022,481223.0
06099,2022,549272.0
06101,2022,99435.0
06103,2022,65289.0
06105,2022,15967.0
06107,2022,475419.0
06109,2022,54484.0
06111,2022,832883.0
06113,2022,219340.0
06115,2022,82281.0
06001,2023,1657334.0
06003,2023,1184.0
06005,2023,39917.0
06007,2023,206884.0
06009,2023,44890.0
06011,2023,21797.0
06013,2023,1150306.0
06015,2023,26596.0
06017,2023,188063.0
06019,2023,1015633.0
06021,2023,28442.0
06023,2023,134566.0
06025,2023,181361.0
06027,2023,18896.0
06029,2023,909221.0
06031,2023,151980.0
06033,2023,66964.0
06035,2023,28475.0
06037,2023,9834286.0
06039,2023,158266.0
06041,2023,254861.0
06043,2023,16964.0
06045,2023,89887.0
06047,2023,286869.0
06049,2023,8527.0
06051,2023,13178.0
06053,2023,436972.0
06055,2023,134992.0
06057,2023,100608.0
06059,2023,3156200.0
06061,2023,410319.0
06063,2023,18988.0
06065,2023,2467690.0
06067,2023,1583676.0
06069,2023,65370.0
06071,2023,2182351.0
06073,2023,3300587.0
06075,2023,848036.0
06077,2023,787696.0
06079,2023,280206.0
06081,2023,749670.0
06083,2023,443463.0
06085,2023,1915165.0
06087,2023,264250.0
06089,2023,179587.0
06091,2023,3193.0
06093,2023,43527.0
06095,2023,447411.0
06097,2023,480343.0
06099,2023,548423.0
06101,2023,98704.0
06103,2023,64732.0
06105,2023,15940.0
06107,2023,476566.0
06109,2023,54610.0
06111,2023,829275.0
06113,2023,221467.0
06115,2023,83080.0
06001,2024,1658061.0
06003,2024,1182.0
06005,2024,39972.0
06007,2024,207873.0
06009,2024,44824.0
06011,2024,22093.0
06013,2024,1158249.0
06015,2024,26379.0
06017,2024,190632.0
06019,2024,1028120.0
06021,2024,28979.0
06023,2024,133888.0
06025,2024,184994.0
06027,2024,18852.0
06029,2024,918005.0
06031,2024,153880.0
06033,2024,67393.0
06035,2024,27912.0
06037,2024,9848643.0
06039,2024,161854.0
06041,2024,254743.0
06043,2024,16958.0
06045,2024,89802.0
06047,2024,291752.0
06049,2024,8509.0
06051,2024,12888.0
06053,2024,436613.0
06055,2024,135415.0
06057,2024,100903.0
06059,2024,3170070.0
06061,2024,420436.0
06063,2024,18802.0
06065,2024,2491037.0
06067,2024,1596281.0
06069,2024,66514.0
06071,2024,2200351.0
06073,2024,3315362.0
06075,2024,845355.0
06077,2024,802328.0
06079,2024,279568.0
06081,2024,747777.0
06083,2024,444518.0
06085,2024,1921406.0
06087,2024,263454.0
06089,2024,180599.0
06091,2024,3177.0
06093,2024,43430.0
06095,2024,449966.0
06097,2024,482050.0
06099,2024,553614.0
06101,2024,99431.0
06103,2024,64867.0
06105,2024,15905.0
06107,2024,483683.0
06109,2024,54376.0
06111,2024,828183.0
06113,2024,224088.0
06115,2024,84667.0
06001,2025,1662482.0
06003,2025,1177.0
06005,2025,39563.0
06007,2025,207525.0
06009,2025,44722.0
06011,2025,22026.0
06013,2025,1158225.0
06015,2025,26544.0
06017,2025,190770.0
06019,2025,1037053.0
06021,2025,29369.0
06023,2025,133817.0
06025,2025,186499.0
06027,2025,18800.0
06029,2025,923961.0
06031,2025,154015.0
06033,2025,67254.0
06035,2025,28716.0
06037,2025,9876811.0
06039,2025,162599.0
06041,2025,254550.0
06043,2025,16917.0
06045,2025,89827.0
06047,2025,293080.0
06049,2025,8491.0
06051,2025,12684.0
06053,2025,438831.0
06055,2025,136124.0
06057,2025,100354.0
06059,2025,3175427.0
06061,2025,421446.0
06063,2025,18885.0
06065,2025,2495640.0
06067,2025,1604745.0
06069,2025,66822.0
06071,2025,2207424.0
06073,2025,3330139.0
06075,2025,842027.0
06077,2025,805856.0
06079,2025,279337.0
06081,2025,748337.0
06083,2025,447132.0
06085,2025,1922259.0
06087,2025,263710.0
06089,2025,180201.0
06091,2025,3170.0
06093,2025,43311.0
06095,2025,449839.0
06097,2025,482848.0
06099,2025,555765.0
06101,2025,100257.0
06103,2025,64827.0
06105,2025,15884.0
06107,2025,487209.0
06109,2025,54357.0
06111,2025,829005.0
06113,2025,225433.0
06115,2025,85023.0
