fips5,year,medi_cal_enrollment,population,medi_cal_share
06001,2019,407315.14285714284,,
06001,2020,410823.6666666667,1682353.0,0.24419587724256842
06001,2021,449321.75,1669095.0,0.2692008243988509
06001,2022,466199.1666666667,1648467.0,0.2828077035613492
06003,2019,185.14285714285714,,
06003,2020,195.58333333333334,1204.0,0.16244462901439646
06003,2021,223.33333333333334,1195.0,0.18688981868898188
06003,2022,242.5,1191.0,0.20361041141897565
06005,2019,4815.285714285715,,
06005,2020,5462.833333333333,40474.0,0.1349714219828367
06005,2021,6017.0,40112.0,0.15000498603909054
06005,2022,6392.333333333333,40148.0,0.15921922221115206
06007,2019,71925.42857142857,,
06007,2020,72038.58333333333,211632.0,0.3403955135959275
06007,2021,76440.25,207814.0,0.3678301269404371
06007,2022,78786.5,206762.0,0.38104922567976707
06009,2019,11320.285714285714,,
06009,2020,11344.916666666666,45292.0,0.25048389708263413
06009,2021,12075.666666666666,45250.0,0.266865561694291
06009,2022,13023.666666666666,45012.0,0.28933765810598655
06011,2019,7047.714285714285,,
06011,2020,7114.75,21839.0,0.3257818581436879
06011,2021,7210.833333333333,21841.0,0.33015124460113243
06011,2022,7681.5,21923.0,0.3503854399489121
06013,2019,258442.0,,
06013,2020,266229.1666666667,1165927.0,0.228341196890257
06013,2021,294781.75,1164050.0,0.25323804819380613
06013,2022,309743.5,1154254.0,0.2683495140584308
06015,2019,9049.142857142857,,
06015,2020,8419.083333333334,27743.0,0.3034669406096433
06015,2021,8917.333333333334,27460.0,0.32473901432386504
06015,2022,9448.166666666666,26926.0,0.35089380771992373
06017,2019,34742.857142857145,,
06017,2020,35439.166666666664,191185.0,0.18536583239619564
06017,2021,38684.333333333336,191211.0,0.20231227980259156
06017,2022,39576.166666666664,190549.0,0.2076954834014698
06019,2019,470950.71428571426,,
06019,2020,476838.0833333333,1008654.0,0.47274693138909213
06019,2021,512143.9166666667,1008686.0,0.5077337413889622
06019,2022,528098.3333333334,1012350.0,0.5216558831761084
06021,2019,8657.142857142857,,
06021,2020,9130.0,28917.0,0.3157312307639105
06021,2021,9650.5,28816.0,0.3349007495835647
06021,2022,10140.0,28821.0,0.35182679296346414
06023,2019,48050.57142857143,,
06023,2020,49825.083333333336,136463.0,0.36511789520480525
06023,2021,55095.166666666664,135477.0,0.40667542584104066
06023,2022,57373.5,134861.0,0.42542692105204616
06025,2019,90779.42857142857,,
06025,2020,92091.5,179702.0,0.512467863462844
06025,2021,96261.41666666667,180496.0,0.5333160660993411
06025,2022,101459.0,180753.0,0.5613129519288753
06027,2019,2747.285714285714,,
06027,2020,3537.4166666666665,19016.0,0.1860231734679568
06027,2021,3640.3333333333335,18982.0,0.19177817581568504
06027,2022,3662.1666666666665,18921.0,0.19355037612529288
06029,2019,409280.0,,
06029,2020,420486.1666666667,909235.0,0.46246148318824803
06029,2021,460435.0833333333,906122.0,0.5081380689723164
06029,2022,482063.6666666667,910744.0,0.529307540501685
06031,2019,56434.857142857145,,
06031,2020,57347.25,152486.0,0.37608206655037185
06031,2021,60571.166666666664,151167.0,0.40069040641586234
06031,2022,62236.333333333336,151921.0,0.4096624780861983
06033,2019,28098.0,,
06033,2020,26756.0,68163.0,0.3925296715226736
06033,2021,31108.25,67821.0,0.4586816767667832
06033,2022,32663.333333333332,67676.0,0.4826427881868511
06035,2019,6880.0,,
06035,2020,6943.0,32730.0,0.21212954476015888
06035,2021,7919.0,31014.0,0.2553362997356033
06035,2022,8401.333333333334,29889.0,0.28108445693510437
06037,2019,3777799.4285714286,,
06037,2020,3819645.0,10014009.0,0.38143015449656575
06037,2021,4126029.8333333335,9966353.0,0.41399595552488794
06037,2022,4278857.666666667,9870212.0,0.4335122352657336
06039,2019,69971.28571428571,,
06039,2020,70543.58333333333,156255.0,0.4514644864697663
06039,2021,71910.25,156187.0,0.46041123781108545
06039,2022,75762.66666666667,157685.0,0.48046844447263004
06041,2019,43498.42857142857,,
06041,2020,45372.166666666664,262321.0,0.172964294382328
06041,2021,50712.916666666664,260112.0,0.19496569426503454
06041,2022,53128.666666666664,256512.0,0.20711961493679307
06043,2019,3311.8571428571427,,
06043,2020,2855.4166666666665,17131.0,0.1666812600937871
06043,2021,3583.3333333333335,17066.0,0.2099691394195086
06043,2022,4787.833333333333,16984.0,0.28190257497252313
06045,2019,34608.142857142855,,
06045,2020,35627.166666666664,91601.0,0.38893862148520936
06045,2021,38826.666666666664,90920.0,0.4270420882827394
06045,2022,39325.5,90305.0,0.43547422623332044
06047,2019,129793.85714285714,,
06047,2020,133548.0,281202.0,0.47491838607122283
06047,2021,144677.83333333334,281604.0,0.5137634171863089
06047,2022,150904.0,285109.0,0.5292852908887478
06049,2019,2109.8571428571427,,
06049,2020,2075.8333333333335,8700.0,0.23860153256704983
06049,2021,2002.0833333333333,8606.0,0.23263808195832364
06049,2022,2189.3333333333335,8573.0,0.25537540339826587
06051,2019,1919.7142857142858,,
06051,2020,1815.0833333333333,13195.0,0.13755841859290135
06051,2021,2030.75,13191.0,0.1539496626487757
06051,2022,2135.3333333333335,13102.0,0.16297766244339287
06053,2019,167553.42857142858,,
06053,2020,172234.91666666666,439035.0,0.3923033850756014
06053,2021,194667.33333333334,437429.0,0.44502612614466197
06053,2022,198891.83333333334,436584.0,0.4555637250410765
06055,2019,27496.714285714286,,
06055,2020,27773.083333333332,138019.0,0.20122652195229157
06055,2021,32009.25,137294.0,0.23314383731262836
06055,2022,33711.833333333336,135833.0,0.24818588511873652
06057,2019,23751.428571428572,,
06057,2020,24016.833333333332,102241.0,0.23490413174101712
06057,2021,26208.666666666668,102185.0,0.2564825235275889
06057,2022,26923.833333333332,101352.0,0.26564678874944087
06059,2019,835632.7142857143,,
06059,2020,854446.6666666666,3186989.0,0.26810468020651046
06059,2021,948630.5833333334,3174592.0,0.2988196855952933
06059,2022,985415.3333333334,3159797.0,0.31186032942411596
06061,2019,57034.857142857145,,
06061,2020,59870.0,404739.0,0.14792248831963314
06061,2021,67252.16666666667,407282.0,0.1651243282705022
06061,2022,71290.66666666667,409924.0,0.17391191212680074
06063,2019,2986.1428571428573,,
06063,2020,2987.0833333333335,19790.0,0.15093902644433216
06063,2021,3191.9166666666665,19662.0,0.1623393686637507
06063,2022,3341.6666666666665,19332.0,0.1728567487412925
06065,2019,830909.4285714285,,
06065,2020,856624.0833333334,2418185.0,0.3542425758712974
06065,2021,932910.3333333334,2423069.0,0.38501187268432446
06065,2022,974827.8333333334,2435510.0,0.40025614073985877
06067,2019,531934.4285714285,,
06067,2020,544086.8333333334,1585055.0,0.3432605388035957
06067,2021,590290.0,1581162.0,0.3733267052964845
06067,2022,616516.8333333334,1577672.0,0.39077630415785625
06069,2019,10579.42857142857,,
06069,2020,10642.666666666666,64209.0,0.16575038805567235
06069,2021,11648.583333333334,64712.0,0.18000654180574444
06069,2022,12405.666666666666,65751.0,0.1886764713337693
06071,2019,851476.5714285715,,
06071,2020,860833.9166666666,2181654.0,0.39457857050965306
06071,2021,923885.25,2179941.0,0.4238120435369581
06071,2022,959940.0,2183077.0,0.4397188005736857
06073,2019,826819.2857142857,,
06073,2020,848916.25,3298634.0,0.25735387739288446
06073,2021,951156.4166666666,3289937.0,0.289110829984485
06073,2022,999552.3333333334,3283556.0,0.30441153838501106
06075,2019,203504.14285714287,,
06075,2020,209027.5,873965.0,0.23917147711864892
06075,2021,228555.83333333334,857605.0,0.26650478172740755
06075,2022,237408.83333333334,840348.0,0.2825125225898477
06077,2019,282091.28571428574,,
06077,2020,285013.3333333333,779233.0,0.36576137475355036
06077,2021,308459.4166666667,781220.0,0.39484321531280137
06077,2022,320918.8333333333,784289.0,0.4091844120385895
06079,2019,54468.0,,
06079,2020,55731.666666666664,282424.0,0.19733332389126512
06079,2021,63273.0,279100.0,0.22670369043353636
06079,2022,67550.16666666667,280111.0,0.24115499450812952
06081,2019,136615.2857142857,,
06081,2020,140027.75,764442.0,0.18317642149437105
06081,2021,153578.08333333334,757341.0,0.20278590929757315
06081,2022,160628.33333333334,744660.0,0.21570694455635236
06083,2019,144289.14285714287,,
06083,2020,148561.33333333334,448229.0,0.3314406995828769
06083,2021,161936.83333333334,441980.0,0.36638950480413895
06083,2022,168188.33333333334,442182.0,0.3803599724397043
06085,2019,384324.71428571426,,
06085,2020,393855.8333333333,1936259.0,0.20341071795319393
06085,2021,430564.0,1913594.0,0.225002795786358
06085,2022,449674.3333333333,1894827.0,0.2373168280446359
06087,2019,72324.57142857143,,
06087,2020,74121.58333333333,270861.0,0.2736517377301765
06087,2021,81012.91666666667,266168.0,0.3043676049212027
06087,2022,83130.0,264581.0,0.3141948968368855
06089,2019,59957.142857142855,,
06089,2020,60972.75,182155.0,0.3347300376053361
06089,2021,66415.25,181768.0,0.36538472118304655
06089,2022,68555.33333333333,180547.0,0.37970906929128334
06091,2019,253.57142857142858,,
06091,2020,442.3333333333333,3236.0,0.13669138854552945
06091,2021,514.6666666666666,3225.0,0.15958656330749352
06091,2022,488.8333333333333,3212.0,0.15218970527189704
06093,2019,15146.714285714286,,
06093,2020,15454.583333333334,44076.0,0.35063488822337174
06093,2021,16840.5,43912.0,0.3835056476589543
06093,2022,17118.666666666668,43621.0,0.3924409496954831
06095,2019,114123.57142857143,,
06095,2020,117537.33333333333,453491.0,0.25918338695439014
06095,2021,130383.08333333333,450518.0,0.2894070455194539
06095,2022,137198.0,447671.0,0.3064706000612057
06097,2019,111816.14285714286,,
06097,2020,114064.33333333333,488863.0,0.23332576475072428
06097,2021,124487.16666666667,485182.0,0.2565782874605131
06097,2022,129569.33333333333,481223.0,0.26925008433373576
06099,2019,231650.14285714287,,
06099,2020,236740.83333333334,552878.0,0.428197239415085
06099,2021,251183.83333333334,551722.0,0.4552724620974573
06099,2022,258969.66666666666,549272.0,0.4714780048257815
06101,2019,37536.28571428572,,
06101,2020,39168.916666666664,99633.0,0.3931319609634023
06101,2021,41604.333333333336,99144.0,0.4196354124640254
06101,2022,42867.166666666664,99435.0,0.4311074236100635
06103,2019,23757.714285714286,,
06103,2020,25299.083333333332,65829.0,0.3843151701124631
06103,2021,27487.833333333332,65492.0,0.41971284024511896
06103,2022,27811.666666666668,65289.0,0.42597783189613364
06105,2019,3649.714285714286,,
06105,2020,3767.75,16112.0,0.23384744289970208
06105,2021,3919.5833333333335,16050.0,0.24421079958463138
06105,2022,4267.166666666667,15967.0,0.26724911797248496
06107,2019,247621.85714285713,,
06107,2020,251401.16666666666,473117.0,0.5313720848472294
06107,2021,267114.3333333333,474381.0,0.5630797467295977
06107,2022,276456.8333333333,475419.0,0.5815014404837276
06109,2019,11545.0,,
06109,2020,11761.0,55620.0,0.2114527148507731
06109,2021,13593.416666666666,54810.0,0.24800979140059598
06109,2022,13995.0,54484.0,0.25686440055796195
06111,2019,219259.7142857143,,
06111,2020,224744.08333333334,843843.0,0.26633400209912667
06111,2021,245489.83333333334,840730.0,0.29199604312125577
06111,2022,255280.66666666666,832883.0,0.3065024339152878
06113,2019,53464.57142857143,,
06113,2020,53941.25,216403.0,0.2492629492197428
06113,2021,57775.416666666664,215702.0,0.26784831233213724
06113,2022,58472.333333333336,219340.0,0.26658308258107655
06115,2019,27124.714285714286,,
06115,2020,28603.083333333332,81575.0,0.35063540708959035
06115,2021,32256.083333333332,81973.0,0.3934964358182979
06115,2022,34860.0,82281.0,0.42367010609982864
